Permission,Prep_Risk,Prep_Reason,Inf_Risk,Inf_Reason,Eng_Risk,Eng_Reason
ACCEPT_HANDOVER,MEDIUM,Potential for data modification/removal could compromise planning documents or communication records.,HIGH,"Leak of location data or audio could expose the team's position, making infiltration impossible.",LOW,"During brief engagements, the risk of an app modifying or removing existing voicemails is minimal, as long as the device remains secure."
ACCESS_BACKGROUND_LOCATION,MEDIUM,Potential for data leak compromising plan details.,HIGH,"Leak of location data could expose operatives and mission, fatal consequences.",LOW,Background location access unlikely to impact surprise element or mission success during close combat.
ACCESS_BLOBS_ACROSS_USERS,MEDIUM,Potential data sharing across users could expose sensitive planning details.,HIGH,"Leak of location data or audio could reveal operative position, compromising mission.",LOW,Access to blobs across users unlikely to impact surprise element or mission completion during close combat.
ACCESS_CHECKIN_PROPERTIES,MEDIUM,Potential for data manipulation could compromise planning details.,HIGH,"Leak of location data or audio could expose team position, fatal risk.",LOW,No apparent direct link to mission execution or location exposure during this phase.
ACCESS_COARSE_LOCATION,MEDIUM,Potential for data leak compromising plan.,HIGH,"Location data leak could expose team position, fatal.",LOW,Coarse location unlikely to impact surprise or mission completion.
ACCESS_FINE_LOCATION,MEDIUM,Potential for data leak compromising plan.,HIGH,"Location data leak could expose operatives, fatal.",LOW,Fine-location permission not critical during close combat.
ACCESS_HIDDEN_PROFILES,MEDIUM,Potential for data leak affecting plan secrecy.,HIGH,Leak of location data could be fatal.,LOW,"Limited impact on mission, assuming no prior data leaks. However, if permission leaks Location or Audio in Phase 2, mark as HIGH."
ACCESS_LAUNCHER_DATA,MEDIUM,Potential for metadata leak revealing mission details.,HIGH,"Leak of location data could expose team position, critical risk.",LOW,"Limited impact on mission, as engagement is short and focused. However, if the permission allows audio recording, it could potentially reveal tactical information during the raid, increasing risk to Medium."
ACCESS_LOCATION_EXTRA_COMMANDS,MEDIUM,Potential for data leak compromising plan details.,HIGH,Leak of location data could expose operatives and mission.,LOW,"Limited impact on mission, as engagement is short and focused. However, if the app transmits audio during this phase, it could reveal tactical information, making it Medium risk."
ACCESS_MEDIA_LOCATION,MEDIUM,Potential for data leak compromising plan.,HIGH,"Location data leak could expose position, fatal to mission.",LOW,"Limited use during close combat, less risk of location exposure."
ACCESS_NETWORK_STATE,MEDIUM,Potential for data leak compromising plan.,HIGH,"Location data leak could expose position, fatal risk.",LOW,Network state access unlikely to impact mission directly.
ACCESS_NOTIFICATION_POLICY,MEDIUM,Potential for data leak compromising plan details.,HIGH,Leak of location data could expose operatives and mission.,LOW,Notification policy access unlikely to impact surprise or mission completion.
ACCESS_WIFI_STATE,MEDIUM,Potential for data leak affecting plan secrecy.,HIGH,"Location data leak could expose position, fatal to mission success.",LOW,Wi-Fi state access unlikely to impact surprise or mission completion.
ACCOUNT_MANAGER,MEDIUM,Potential for data leak compromising plan details.,HIGH,"Location data leak could expose mission location, fatal to mission success.",LOW,Account Manager permission does not seem directly related to mission activities during this phase.
ACTIVITY_RECOGNITION,MEDIUM,Potential for data leak compromising plan.,HIGH,"Location data leak could expose position, fatal risk.",LOW,Activity recognition unlikely to impact surprise or mission success.
ADD_VOICEMAIL,MEDIUM,Potential for data leak compromising plan details.,HIGH,"Leak of location or audio data could expose position, marked as critical.",LOW,Adding voicemails unlikely to impact mission success or compromise security during close combat.
ANSWER_PHONE_CALLS,MEDIUM,Potential for unauthorized access to call records.,HIGH,"Leak of location or audio data could expose position, mark as high risk.",LOW,Answering phone calls during combat is unlikely and not a significant operational risk.
APPLY_PICTURE_PROFILE,MEDIUM,Potential for data leak affecting plan secrecy.,HIGH,"Leak of location data could expose infiltration route, critical risk.",LOW,"Limited impact on mission success or surprise element during close combat. However, if the permission allows audio recording, it could potentially reveal tactical details and thus marked as Medium."
BATTERY_STATS,MEDIUM,Potential for data leak could compromise plan details.,HIGH,"Battery stats might reveal device usage patterns, posing a critical risk.",LOW,"Battery stats less relevant during short, focused combat operations."
BIND_ACCESSIBILITY_SERVICE,MEDIUM,Potential for data leak compromising plan.,HIGH,"Bind_Accessibility_Service could expose location data, critical risk.",LOW,Less likely to affect operational security during close combat.
BIND_APPWIDGET,MEDIUM,Potential for data leak could compromise planning.,HIGH,"Bind_AppWidget permission may expose location data, critical in this phase.",LOW,Less concern for AppWidget permissions during close combat operations.
BIND_APP_FUNCTION_SERVICE,MEDIUM,Potential for data leak could compromise plans.,HIGH,"Bind_App_Function_Service may expose location or audio, fatal in this phase.",LOW,Less concern for this permission during close combat operations.
BIND_AUTOFILL_SERVICE,MEDIUM,Potential data leak could compromise plan details.,HIGH,"Bind_Autofill_Service may expose location data, critical in this phase.",LOW,Autofill service less likely to be relevant during close combat operations.
BIND_CALL_REDIRECTION_SERVICE,MEDIUM,Potential for data leak compromising plan.,HIGH,"Leak of location data is fatal, permission may expose position.",LOW,BIND_CALL_REDIRECTION_SERVICE not directly related to mission activities during this phase.
BIND_CARRIER_MESSAGING_CLIENT_SERVICE,MEDIUM,Potential for data leak affecting plan secrecy.,HIGH,Leak of location data could be fatal.,LOW,BIND_CARRIER_MESSAGING_CLIENT_SERVICE unlikely to impact surprise element or mission completion.
BIND_CARRIER_MESSAGING_SERVICE,MEDIUM,Potential data leak could compromise planning details.,HIGH,"Bind_Carrier_Messaging_Service may expose location data, critical in this phase.",LOW,Deprecated permission less likely to be used during close combat operations.
BIND_CARRIER_SERVICES,MEDIUM,Potential for data leak affecting plan security.,HIGH,"Leak of location data could expose team position, fatal risk.",LOW,BIND_CARRIER_SERVICES permission does not directly impact mission execution or data transmission during close combat.
BIND_CONDITION_PROVIDER_SERVICE,MEDIUM,Potential for data leak compromising plan details.,HIGH,"Leak of location data could expose team position, critical risk.",LOW,"BIND_CONDITION_PROVIDER_SERVICE does not seem to directly impact the loss of surprise element or mission completion. However, if it allows for audio/data transmission during the engagement phase, the risk level would increase significantly."
BIND_CONTROLS,MEDIUM,Potential for data leak affecting plan secrecy.,HIGH,Leak of location data could be fatal.,LOW,BIND_CONTROLS permission less relevant in close combat scenarios.
BIND_CREDENTIAL_PROVIDER_SERVICE,MEDIUM,Potential for data leak compromising plan details.,HIGH,"Leak of location data could expose team position, fatal risk.",LOW,BIND_CREDENTIAL_PROVIDER_SERVICE does not seem to directly impact the loss of surprise element or data leak during close combat.
BIND_DEVICE_ADMIN,MEDIUM,Potential for data leak compromising plan.,HIGH,"BIND_DEVICE_ADMIN could expose location data, critical risk.",LOW,Less concern for device administration during close combat.
BIND_DREAM_SERVICE,MEDIUM,Potential for data leak could compromise planning.,HIGH,"Bind_Dream_Service may expose location data, critical in this phase.",LOW,Less concern for location or audio leaks during close combat.
BIND_INCALL_SERVICE,MEDIUM,Potential for data leak compromising plan details.,HIGH,"BIND_INCALL_SERVICE could expose location data, critical in this phase.",LOW,Less likely to impact mission due to short duration and focus on physical engagement.
BIND_INPUT_METHOD,MEDIUM,Potential for data leak affecting plan secrecy.,HIGH,"BIND_INPUT_METHOD could expose location data, critical in this phase.",LOW,Less concern for input method service during close combat operations.
BIND_MIDI_DEVICE_SERVICE,MEDIUM,Potential for data leak affecting plan secrecy.,HIGH,Leak of location data could be fatal.,LOW,BIND_MIDI_DEVICE_SERVICE does not seem to pose a direct risk during close combat.
BIND_NOTIFICATION_LISTENER_SERVICE,MEDIUM,Potential for data leak affecting plan secrecy.,HIGH,"Leak of location data is fatal, permission may expose position.",LOW,Bind_Notification_Listener_Service unlikely to impact mission directly during close combat.
BIND_PRINT_SERVICE,MEDIUM,Potential for data leak could compromise plan details.,HIGH,"BIND_PRINT_SERVICE permission may expose location data, critical in this phase.",LOW,This permission does not seem to pose a significant risk during close combat operations.
BIND_QUICK_ACCESS_WALLET_SERVICE,MEDIUM,Potential data leak could compromise planning details.,HIGH,"Permission may expose location data, critical for stealth operations.",LOW,Bind_QuickAccessWalletService permission unlikely to impact surprise or mission completion during close combat.
BIND_QUICK_SETTINGS_TILE,MEDIUM,Potential for data leak affecting plan secrecy.,HIGH,Leak of location data could be fatal.,LOW,BIND_QUICK_SETTINGS_TILE permission does not seem to pose a significant risk during close combat operations.
BIND_TV_INPUT,MEDIUM,Potential for data leak compromising plan.,HIGH,"BIND_TV_INPUT could expose location data, critical risk.",LOW,Less likely to affect mission due to short duration and focus on physical engagement.
BIND_VOICE_INTERACTION,MEDIUM,Potential for unauthorized access to voice data.,HIGH,"Bind_Voice_Interaction could reveal location or audio, fatal in this phase.",LOW,"Less concern for voice interaction during close combat. However, continuous monitoring is advised due to potential data leakage."
BIND_VPN_SERVICE,MEDIUM,Potential data leak could compromise plan details.,HIGH,"Bind_VPN_Service may expose location data, critical risk.",LOW,"VPN service not typically used in close combat, minimal risk."
BLUETOOTH_ADMIN,MEDIUM,Potential for unauthorized data transmission during planning.,HIGH,Bluetooth admin permission could expose location if used in proximity to enemy devices.,LOW,"Limited use of Bluetooth during close combat, minimal risk of discovery or data leakage."
BLUETOOTH_ADVERTISE,MEDIUM,Potential for data leak during planning or rehearsals.,HIGH,"Leak of location data could expose team position, critical in this phase.",LOW,Bluetooth advertising is unlikely to compromise the mission's success or reveal the team's presence during close combat.
BLUETOOTH_CONNECT,MEDIUM,Potential for data leak during planning and rehearsals.,HIGH,"Bluetooth connection could expose location data, critical in this phase.",LOW,Limited risk of Bluetooth connection exposure during close combat.
BLUETOOTH_PRIVILEGED,MEDIUM,Potential for unauthorized access to sensitive data.,HIGH,"Allows electronic signature and location data leak, critical in this phase.",LOW,"Not directly related to the risk of loss of surprise element or mission failure. However, if used improperly, it could potentially compromise communication devices during close combat."
BLUETOOTH_SCAN,MEDIUM,Potential for data leak during planning or rehearsals.,HIGH,"Bluetooth discovery could reveal location to enemy, critical in this phase.",LOW,"Bluetooth is unlikely to be used during close combat, minimal risk."
BODY_SENSORS,MEDIUM,Potential for data leak compromising plan.,HIGH,"Leak of location data is fatal, permission grants access to sensitive body sensors.",LOW,"Risk focus is on surprise and reinforcements, not on data leaks or body sensor data during close combat."
BODY_SENSORS_BACKGROUND,MEDIUM,Potential for data leak compromising plan details.,HIGH,"Leak of location data could expose team position, critical risk.",LOW,"No direct link to this permission affecting mission success or compromise during close combat. However, if the app has other permissions that can leak audio or location data, the risk level increases significantly."
BROADCAST_SMS,MEDIUM,Potential for data leak compromising plan details.,HIGH,"BROADCAST_SMS permission could expose location data, critical risk.",LOW,Third-party use of this permission is not allowed during the engagement phase.
BROADCAST_STICKY,MEDIUM,Potential for data leak affecting plan secrecy.,HIGH,"Sticky broadcasts could expose location data, critical risk.",LOW,Broadcast_Sticky permission less relevant in close combat with minimal electronic communication.
CALL_COMPANION_APP,MEDIUM,Potential for data leak affecting plan security.,HIGH,"Leak of location data could expose team position, critical risk.",LOW,"No apparent direct link to mission compromise during close combat. However, if the app allows audio recording or transmission, it could potentially reveal tactical details and thus escalate to Medium level risk."
CALL_PHONE,MEDIUM,Potential for unauthorized call logs or metadata leak.,HIGH,Leak of location data could expose position and compromise mission.,LOW,"Calling functionality not critical during close combat, no significant risk identified."
CALL_PRIVILEGED,MEDIUM,Potential for unauthorized call logs leak.,HIGH,Leak of location or audio data could expose position.,LOW,"Not directly related to mission activities during this phase. However, if used inappropriately, it could compromise the element of surprise."
CAPTURE_AUDIO_OUTPUT,MEDIUM,Potential for sensitive planning discussions to be recorded.,HIGH,"Leak of audio could reveal presence or intentions, putting entire operation at risk.",LOW,"Capturing audio output during close combat is unlikely to compromise the mission significantly. However, if used in conjunction with other permissions, it could potentially increase the risk level."
CAPTURE_KEYBOARD,MEDIUM,Potential for data leak affecting plan secrecy.,HIGH,Leak of location data could be fatal.,LOW,"Limited impact on mission, as long as focus remains on primary task."
CHANGE_COMPONENT_ENABLED_STATE,MEDIUM,Potential for data leak affecting plan secrecy.,HIGH,Leak of location data could be fatal.,LOW,"Not directly related to loss of surprise or mission completion. However, if used maliciously by the enemy, it could potentially disrupt friendly components, thus marked as Medium."
CHANGE_CONFIGURATION,MEDIUM,Potential for data leak affecting plan secrecy.,HIGH,Leak of location data could be fatal.,LOW,Change of configuration unlikely to impact mission during close combat.
CHANGE_NETWORK_STATE,MEDIUM,Potential for data leak affecting plan secrecy.,HIGH,Leak of location data could be fatal.,LOW,Network state change unlikely to impact surprise or mission completion.
CHANGE_WIFI_MULTICAST_STATE,MEDIUM,Potential for data leak affecting plan secrecy.,HIGH,"Leak of location data could expose team position, critical risk.",LOW,Wi-Fi Multicast state change unlikely to impact mission during close combat.
CHANGE_WIFI_STATE,MEDIUM,Potential for data leak affecting plan secrecy.,HIGH,"Leak of location data could expose team position, fatal risk.",LOW,Change Wi-Fi state unlikely to impact mission during close combat.
CLEAR_APP_CACHE,MEDIUM,Potential for data leak affecting plan secrecy.,HIGH,"Leak of location data is fatal, permission may expose position.",LOW,"Limited impact on mission during close combat, no significant risk of data leakage."
CONFIGURE_WIFI_DISPLAY,MEDIUM,Potential for data leak affecting plan secrecy.,HIGH,Configuration of WiFi devices could expose location or emit electronic signature.,LOW,"Limited use during close combat, minimal risk of data leak or location exposure."
CONTROL_LOCATION_UPDATES,MEDIUM,Potential for data leak compromising plan.,HIGH,"Location data leak could expose position, fatal to mission.",LOW,Not directly related to visual/audio signature or location during close combat.
CREDENTIAL_MANAGER_QUERY_CANDIDATE_CREDENTIALS,MEDIUM,Potential for data leak compromising plan details.,HIGH,"Leak of location data could expose mission position, critical risk.",LOW,No direct link to mission exposure during close combat operations.
CREDENTIAL_MANAGER_SET_ALLOWED_PROVIDERS,MEDIUM,Potential for data leak affecting plan security.,HIGH,Leak of location data could expose operatives to enemy detection.,LOW,"Normal protection level, less risk in close combat scenarios. However, if it allows audio recording or transmission, the risk level would be Medium due to potential compromise of tactical communications."
CREDENTIAL_MANAGER_SET_ORIGIN,MEDIUM,Potential for data leak compromising plan.,HIGH,"Leak of location data is fatal, permission may expose position.",LOW,"Less likely to use credential manager during close combat, minimal risk."
DELETE_PACKAGES,MEDIUM,Potential for data leak affecting plan secrecy.,HIGH,"Leak of location data could expose position, fatal risk.",LOW,Deleting packages unlikely to affect mission or reveal position.
DETECT_SCREEN_CAPTURE,MEDIUM,Potential for data leak compromising plan details.,HIGH,"Leak of location data could expose team position, fatal risk.",LOW,Screen capture permission less critical during close combat.
DETECT_SCREEN_RECORDING,MEDIUM,Potential for data leak compromising plan.,HIGH,"Leak of location or audio could expose position, fatal risk.",LOW,Screen recording unlikely to impact surprise element or mission completion.
DISABLE_KEYGUARD,MEDIUM,Potential for data leak compromising plan.,HIGH,"Leak of location data is fatal, permission may enable tracking.",LOW,"Less likely to be used during close combat, minimal risk of data leak."
EXECUTE_APP_ACTION,MEDIUM,Potential for data leak affecting plan secrecy.,HIGH,Leak of location data could be fatal.,LOW,This permission does not seem to pose a significant risk during close combat.
FOREGROUND_SERVICE,MEDIUM,Potential for data leak affecting plan secrecy.,HIGH,"Foreground Service could expose location data, critical risk.",LOW,Less likely to affect mission due to short duration and focus on close combat.
FOREGROUND_SERVICE_CAMERA,MEDIUM,Potential for data leak compromising plan.,HIGH,"Leak of location or audio data could expose team position, fatal.",LOW,Foreground service camera permission less critical in close combat.
FOREGROUND_SERVICE_CONNECTED_DEVICE,MEDIUM,Potential for data leak affecting plan secrecy.,HIGH,"Location data leak could expose infiltration route, fatal risk.",LOW,Foreground service permission less relevant during close combat.
FOREGROUND_SERVICE_DATA_SYNC,MEDIUM,Potential data synchronization could expose planning details.,HIGH,Location data leak during data sync could reveal infiltration route.,LOW,Foreground service data sync not typically relevant during close combat operations.
FOREGROUND_SERVICE_HEALTH,MEDIUM,Potential for data leak affecting plan secrecy.,HIGH,"Leak of location data is fatal, this permission may pose a risk.",LOW,Foreground Service Health permission does not seem to directly impact the loss of surprise element or mission completion during close combat.
FOREGROUND_SERVICE_LOCATION,MEDIUM,Potential for data leak compromising plan.,HIGH,"Location data leak could expose team position, fatal.",LOW,Foreground service location permission not critical during close combat.
FOREGROUND_SERVICE_MEDIA_PLAYBACK,MEDIUM,Potential for data leak affecting plan secrecy.,HIGH,"Leak of location data is fatal, permission may expose position.",LOW,Foreground media playback unlikely to impact surprise or mission completion.
FOREGROUND_SERVICE_MEDIA_PROCESSING,MEDIUM,Potential for data leak during planning.,HIGH,Risk of location data leak compromising mission.,LOW,Foreground service permission less critical in close combat scenarios.
FOREGROUND_SERVICE_MEDIA_PROJECTION,MEDIUM,Potential for data leak affecting plan secrecy.,HIGH,"MediaProjection could expose location data, critical risk.",LOW,Foreground service not typically used in close combat scenarios.
FOREGROUND_SERVICE_MICROPHONE,MEDIUM,Potential for unauthorized audio recording during planning sessions.,HIGH,"Leak of location or audio data could expose team position, marking as high risk.",LOW,Foreground service microphone permission less relevant in close combat scenarios.
FOREGROUND_SERVICE_PHONE_CALL,MEDIUM,Potential for data leak affecting plan secrecy.,HIGH,Leak of location data could be catastrophic.,LOW,Foreground phone call service not directly relevant to mission objectives during this phase.
FOREGROUND_SERVICE_REMOTE_MESSAGING,MEDIUM,Potential for data leak affecting plan secrecy.,HIGH,Leak of location data could be fatal.,LOW,Foreground service remote messaging unlikely to impact surprise element or mission completion.
FOREGROUND_SERVICE_SPECIAL_USE,MEDIUM,Potential for data leak affecting plan secrecy.,HIGH,"Location data leak could expose team position, fatal risk.",LOW,Foreground service permission less critical in close combat.
FOREGROUND_SERVICE_SYSTEM_EXEMPTED,MEDIUM,Potential for data leak could compromise plan details.,HIGH,"SystemExempted permission might allow continuous background activity, increasing electronic signature risk.",LOW,"During short combat phase, less time for permission to cause significant issues. However, if it allows continued operation post-mission, it could pose a threat in subsequent phases."
GET_ACCOUNTS,MEDIUM,Potential data leak could compromise plan details.,HIGH,"Location data leak could expose operatives' positions, fatal risk.",LOW,GET_ACCOUNTS permission does not directly affect mission execution or location data in this phase.
GET_ACCOUNTS_PRIVILEGED,MEDIUM,Potential data leak could compromise plan details.,HIGH,Leak of location data is fatal for mission success.,LOW,This permission does not seem to pose a significant risk during close combat operations.
HIDE_OVERLAY_WINDOWS,MEDIUM,Potential for data leak affecting plan secrecy.,HIGH,"Leak of location data is fatal, permission may expose position.",LOW,"Less relevant in close combat, no significant risk of visual/audio signature or location exposure."
HIGH_SAMPLING_RATE_SENSORS,MEDIUM,Potential for sensitive data leakage during planning.,HIGH,"Leak of location data could expose mission position, critical risk.",LOW,Sensor data sampling rate not directly related to visual/audio signature or location exposure during close combat.
INSTALL_LOCATION_PROVIDER,MEDIUM,Potential for data leak could compromise planning.,HIGH,Location data leak could expose operatives to enemy detection.,LOW,Installation of location provider not relevant during close combat.
INSTALL_PACKAGES,MEDIUM,"Unauthorized package installation could potentially leak sensitive data, compromising the plan or equipment.",HIGH,"This permission can expose location data, making infiltration vulnerable to enemy detection and interception.",LOW,"During engagement, the focus is on tactical operations rather than installing packages, thus minimizing risk associated with this permission."
INTERACT_ACROSS_PROFILES,MEDIUM,Potential data sharing across profiles could expose sensitive planning details.,HIGH,"Leak of location data through this permission could reveal infiltration route, marking as high risk.",LOW,"Interacting across profiles during engagement is unlikely to pose significant operational risks, assuming secure communication channels are maintained."
KILL_BACKGROUND_PROCESSES,MEDIUM,Potential for data leak could compromise plan.,HIGH,"Permission can expose location, critical risk to mission.",LOW,"Once infiltrated, less concern about background processes."
LOADER_USAGE_STATS,MEDIUM,Potential data leak could compromise plans.,HIGH,"Location data leak is fatal, audio/data leak could expose position.",LOW,No direct link to this permission affecting mission success or exposure during close combat.
LOCATION_HARDWARE,MEDIUM,Potential for data leak compromising plan.,HIGH,"Location data leak could expose team position, fatal risk.",LOW,Geofencing API not likely to provide real-time location during short combat phase.
MANAGE_DEVICE_LOCK_STATE,MEDIUM,Potential for data leak compromising plan.,HIGH,"Leak of location data is fatal, permission may expose position.",LOW,"Less likely to be used during close combat, minimal risk of data leak."
MANAGE_DEVICE_POLICY_ACCESSIBILITY,MEDIUM,Potential for data leak affecting plan secrecy.,HIGH,"Leak of location data could expose team position, critical risk.",LOW,No direct link to this permission affecting mission success or exposure during close combat.
MANAGE_DEVICE_POLICY_ACCOUNT_MANAGEMENT,MEDIUM,Potential for data leak affecting plan security.,HIGH,"Leak of location data could expose mission position, critical risk.",LOW,"Less likely to affect mission due to short duration and focus on physical engagement. However, if the permission allows audio recording, it could potentially reveal tactical communications, increasing risk to Medium."
MANAGE_DEVICE_POLICY_ACROSS_USERS,MEDIUM,Potential for data leak affecting plan security.,HIGH,"Leak of location data could expose mission position, critical.",LOW,No direct link to mission data or location during this phase.
MANAGE_DEVICE_POLICY_ACROSS_USERS_FULL,MEDIUM,Potential for data leak compromising plan.,HIGH,Leak of location data is fatal to mission success.,LOW,Less likely to have significant impact during close combat operations.
MANAGE_DEVICE_POLICY_ACROSS_USERS_SECURITY_CRITICAL,MEDIUM,Potential for data leak compromising plan.,HIGH,Leak of location data is fatal.,LOW,"Less likely to affect mission directly, but could compromise post-operation analysis."
MANAGE_DEVICE_POLICY_AIRPLANE_MODE,MEDIUM,Potential for data leak affecting plan secrecy.,HIGH,"Leak of location data could expose team position, critical risk.",LOW,Airplane mode management unlikely to impact mission success or compromise location during short combat phase.
MANAGE_DEVICE_POLICY_APPS_CONTROL,MEDIUM,Potential for data leak affecting plan security.,HIGH,"Leak of location data could expose mission position, critical risk.",LOW,Manage Device Policy Apps Control unlikely to impact surprise or mission completion during close combat.
MANAGE_DEVICE_POLICY_APP_FUNCTIONS,MEDIUM,Potential for data leak compromising plan.,HIGH,"Location data leak could expose position, fatal risk.",LOW,Less likely to have data or location leaks during close combat.
MANAGE_DEVICE_POLICY_APP_RESTRICTIONS,MEDIUM,Potential for data leak affecting plan security.,HIGH,"Leak of location data could expose team position, fatal risk.",LOW,"No direct link to this permission affecting mission success or compromise of the surprise element. However, if used in conjunction with other permissions, it might pose a risk during this phase (e.g., controlling communication devices)."
MANAGE_DEVICE_POLICY_APP_USER_DATA,MEDIUM,Potential for data leak affecting plan security.,HIGH,"Leak of location data could expose mission position, critical.",LOW,"Less likely to affect mission due to short duration and focus on physical engagement. However, if the permission allows audio recording, it could potentially reveal tactical communications, increasing risk."
MANAGE_DEVICE_POLICY_AUDIO_OUTPUT,MEDIUM,Potential for sensitive audio discussions leak.,HIGH,Leak of audio output could reveal position or intentions.,LOW,Less likely to use this permission during close combat operations.
MANAGE_DEVICE_POLICY_AUTOFILL,MEDIUM,Potential for data leak affecting plan security.,HIGH,"Leak of location data could expose team position, fatal risk.",LOW,"No direct link to this permission affecting mission success or compromise of the surprise element. However, if used in conjunction with other permissions, it might pose a risk during this phase."
MANAGE_DEVICE_POLICY_BLOCK_UNINSTALL,MEDIUM,Potential for data leak could compromise plan.,HIGH,"Leak of location data is fatal, permission may expose position.",LOW,"Less likely to be used during close combat, minimal risk of data leak."
MANAGE_DEVICE_POLICY_BLUETOOTH,MEDIUM,Potential for data leak affecting plan security.,HIGH,"Leak of location data could expose team position, critical risk.",LOW,Bluetooth management permission less relevant during close combat.
MANAGE_DEVICE_POLICY_CALLS,MEDIUM,Potential for data leak affecting plan security.,HIGH,"Leak of location data could expose team position, critical risk.",LOW,Manage Device Policy Calls unlikely to impact mission directly during close combat.
MANAGE_DEVICE_POLICY_CAMERA,MEDIUM,Potential for data leak affecting plan security.,HIGH,"Leak of location data could expose team position, fatal risk.",LOW,Camera management permission less critical during close combat.
MANAGE_DEVICE_POLICY_CAMERA_TOGGLE,MEDIUM,Potential for data leak affecting plan secrecy.,HIGH,Leak of location data could be fatal.,LOW,Camera toggle management unlikely to compromise mission.
MANAGE_DEVICE_POLICY_CERTIFICATES,MEDIUM,Potential for data leak affecting plan security.,HIGH,"Leak of location data could expose team position, fatal risk.",LOW,"No direct link to this permission affecting mission success or exposure during close combat. However, if the app has other permissions that can leak audio or location data, the risk level may increase significantly."
MANAGE_DEVICE_POLICY_CONTENT_PROTECTION,MEDIUM,Potential for data leak affecting plan secrecy.,HIGH,"Leak of location data is fatal, permission may expose position.",LOW,Less likely to affect mission due to short duration and focus on physical engagement.
MANAGE_DEVICE_POLICY_DEFAULT_SMS,MEDIUM,Potential for data leak affecting plan secrecy.,HIGH,"Leak of location data could expose team position, fatal risk.",LOW,"No direct link to this permission affecting mission success or exposure during close combat. However, if the permission leaks location or audio in this phase, it would escalate the risk level to critical."
MANAGE_DEVICE_POLICY_FUN,MEDIUM,Potential for data leak compromising plan.,HIGH,"Leak of location data could expose team position, fatal risk.",LOW,No direct link to this permission affecting mission success or exposure during close combat.
MANAGE_DEVICE_POLICY_KEEP_UNINSTALLED_PACKAGES,MEDIUM,Potential for data leak affecting plan security.,HIGH,"Leak of location data could expose team position, fatal risk.",LOW,"No direct link to this permission causing a significant risk during close combat. However, if the app is used to control surveillance or communication devices, it could potentially escalate the risk level."
MANAGE_DEVICE_POLICY_LOCATION,MEDIUM,Potential for data leak compromising plan.,HIGH,"Location data leak could expose team position, fatal risk.",LOW,No direct link to this permission affecting mission success or location exposure during close combat.
MANAGE_DEVICE_POLICY_LOCK,MEDIUM,Potential for data leak compromising plan.,HIGH,"Leak of location data could expose team position, fatal risk.",LOW,"No direct link to this permission affecting mission success or compromise during close combat. However, if the device is locked during the operation, it might delay access to critical information or tools, increasing risk (MEDIUM if MANAGE_DEVICE_POLICY_ACROSS_USERS_FULL is also present)."
MANAGE_DEVICE_POLICY_LOCK_CREDENTIALS,MEDIUM,Potential for data leak compromising plan details.,HIGH,"Leak of location data could expose mission position, fatal to stealth.",LOW,"No direct link found between this permission and loss of surprise or mission failure during close combat. However, if it allows data transmission, it could potentially reveal mission position in the aftermath, increasing risk."
MANAGE_DEVICE_POLICY_LOCK_TASK,MEDIUM,Potential for data leak affecting plan security.,HIGH,"Leak of location data could expose team position, fatal risk.",LOW,"No direct link to this permission causing a significant risk during close combat. However, if the device is compromised before or during infiltration, it could pose a threat during engagement."
MANAGE_DEVICE_POLICY_MANAGED_SUBSCRIPTIONS,MEDIUM,Potential for data leak compromising plan.,HIGH,"Leak of location data is fatal, permission may allow tracking.",LOW,"Less likely to be used during close combat, no significant risk identified."
MANAGE_DEVICE_POLICY_MICROPHONE,MEDIUM,Potential for sensitive planning discussions to be overheard or recorded.,HIGH,"Leak of location data or audio could reveal infiltration route and plans, compromising the mission.",LOW,"During close combat, the microphone management permission is less critical as focus is on physical operations rather than covert communication or surveillance. However, if the permission leaks location or audio during this phase, it would still be marked as High risk due to the potential for revealing the team's position and compromising the mission."
MANAGE_DEVICE_POLICY_MICROPHONE_TOGGLE,MEDIUM,Potential for unauthorized access to microphone data.,HIGH,"Leak of location or audio could reveal position, mark as critical.",LOW,"Limited use during close combat, less risk for leakage."
MANAGE_DEVICE_POLICY_MOBILE_NETWORK,MEDIUM,Potential for data leak affecting plan security.,HIGH,"Leak of location data could expose team position, critical risk.",LOW,No direct link to this permission affecting mission success or exposure during close combat.
MANAGE_DEVICE_POLICY_MODIFY_USERS,MEDIUM,Potential for data leak affecting plan security.,HIGH,"Leak of location data could expose team position, critical risk.",LOW,"No direct link to this permission affecting mission success or exposure during close combat. However, if the device is compromised before engagement, it could potentially reveal plans or locations (from previous phases)."
MANAGE_DEVICE_POLICY_MTE,MEDIUM,Potential for data leak affecting plan secrecy.,HIGH,"Leak of location data could expose team position, critical risk.",LOW,MANAGE_DEVICE_POLICY_MTE unlikely to impact mission execution or compromise location during close combat.
MANAGE_DEVICE_POLICY_NEARBY_COMMUNICATION,MEDIUM,Potential for data leak affecting plan security.,HIGH,"Leak of location data could expose team position, fatal risk.",LOW,"No direct link to this permission affecting mission success or exposure during close combat. However, if the device is compromised before engagement, it could potentially transmit data or be tracked, escalating the risk level."
MANAGE_DEVICE_POLICY_ORGANIZATION_IDENTITY,MEDIUM,Potential for data leak affecting plan security.,HIGH,"Leak of location data could expose mission position, critical risk.",LOW,"Less likely to affect mission due to short duration and focus on physical engagement. However, if the permission allows audio recording or transmission, it could potentially reveal tactical details, marking as Medium."
MANAGE_DEVICE_POLICY_OVERRIDE_APN,MEDIUM,Potential for data leak affecting plan security.,HIGH,"Leak of location data could expose team position, critical risk.",LOW,"No direct link to mission compromise during close combat. However, if used in conjunction with other permissions, it might reveal post-engagement activities or movements."
MANAGE_DEVICE_POLICY_PACKAGE_STATE,MEDIUM,Potential for data leak affecting plan security.,HIGH,"Leak of location data could expose mission position, fatal risk.",LOW,No direct link to location or audio exposure during close combat.
MANAGE_DEVICE_POLICY_PHYSICAL_MEDIA,MEDIUM,Potential for data leak affecting plan security.,HIGH,"Leak of location data could expose mission position, critical.",LOW,"Less likely to affect mission due to short duration and focus on physical engagement. However, if the permission allows audio recording, it could potentially reveal tactical communications, increasing risk."
MANAGE_DEVICE_POLICY_PROFILES,MEDIUM,Potential for data leak affecting plan security.,HIGH,"Leak of location data could expose mission position, critical risk.",LOW,"No direct link to mission exposure during close combat. However, if used in Phase 2 for control purposes, it would escalate to High."
MANAGE_DEVICE_POLICY_PROFILE_INTERACTION,MEDIUM,Potential for data leak affecting plan security.,HIGH,"Leak of location data could expose team position, fatal risk.",LOW,"No direct link to this permission affecting mission success or exposure during close combat. However, if the device is compromised before engagement, it could potentially reveal the plan or location (ripple effect from Infiltration phase)."
MANAGE_DEVICE_POLICY_PROXY,MEDIUM,Potential for data leak affecting plan secrecy.,HIGH,"Leak of location data could expose team position, fatal risk.",LOW,"No direct link to this permission affecting mission execution or surprise element. However, if the device is compromised during infiltration, it could potentially transmit location data during engagement."
MANAGE_DEVICE_POLICY_RESET_PASSWORD,MEDIUM,Potential for data leak could compromise plan details.,HIGH,"Permission allows device control, posing a risk of location or audio exposure.",LOW,"Once infiltrated, the immediate focus is on mission completion, not device management."
MANAGE_DEVICE_POLICY_RUNTIME_PERMISSIONS,MEDIUM,Potential for data leak affecting plan secrecy.,HIGH,"Leak of location data could expose mission position, fatal risk.",LOW,"No direct link to mission phase activities or data exposure. However, if the app has additional functionality that can capture audio during this phase, it could potentially increase the risk level due to loss of surprise element."
MANAGE_DEVICE_POLICY_RUN_IN_BACKGROUND,MEDIUM,Potential for data leak affecting plan secrecy.,HIGH,"Leak of location data could expose team position, fatal risk.",LOW,"No direct link to this permission affecting mission success or compromise of the surprise element. However, if the app can control device settings in the background, it might interfere with tactical communications or device functionality during the engagement, which could be problematic but not critical."
MANAGE_DEVICE_POLICY_SCREEN_CAPTURE,MEDIUM,Potential for data leak affecting plan secrecy.,HIGH,Leak of location data could be fatal.,LOW,"Less relevant in close combat, but still a potential risk for data leak."
MANAGE_DEVICE_POLICY_SCREEN_CONTENT,MEDIUM,Potential for data leak affecting plan security.,HIGH,"Leak of location data could expose mission position, critical.",LOW,"Less likely to affect mission directly as engagement is short and focused. However, if the permission allows audio recording, it could potentially reveal tactical details, mark as medium."
MANAGE_DEVICE_POLICY_SETTINGS,MEDIUM,Potential for data leak compromising plan.,HIGH,"Leak of location data is fatal, permission may expose position.",LOW,"Less relevant in close combat, but could potentially reveal post-mission activities if not properly secured."
MANAGE_DEVICE_POLICY_SMS,MEDIUM,Potential for data leak compromising plan.,HIGH,"Leak of location data is fatal, permission may expose position.",LOW,"Less likely to use SMS during close combat, minimal risk of data leak."
MANAGE_DEVICE_POLICY_STATUS_BAR,MEDIUM,Potential for unauthorized access to status bar settings.,HIGH,Leak of location data or visual/audio signature alteration could expose position.,LOW,"Limited impact on mission, as status bar management is not critical during close combat. However, if it leaks location or audio in Phase 2, mark as High."
MANAGE_DEVICE_POLICY_SUSPEND_PERSONAL_APPS,MEDIUM,Potential for data leak affecting plan security.,HIGH,"Leak of location data could expose mission position, critical risk.",LOW,"Less likely to affect mission due to short duration and focus on physical engagement. However, if the app allows audio recording or transmission, it could potentially reveal tactical details during the raid, increasing risk level."
MANAGE_DEVICE_POLICY_SYSTEM_APPS,MEDIUM,Potential for data leak affecting plan security.,HIGH,"Leak of location data could expose team position, fatal risk.",LOW,"No direct link to this permission causing a significant threat during close combat. However, if used in conjunction with other permissions, it might compromise the element of surprise or operational security."
MANAGE_DEVICE_POLICY_SYSTEM_UPDATES,MEDIUM,Potential for data leak affecting plan security.,HIGH,"Leak of location data could expose mission position, critical risk.",LOW,Manage device policy updates unlikely to impact surprise or mission completion during close combat.
MANAGE_DEVICE_POLICY_THREAD_NETWORK,MEDIUM,Potential for data leak affecting plan security.,HIGH,"Leak of location data could expose mission position, critical risk.",LOW,Less likely to affect mission due to short duration and focus on physical engagement.
MANAGE_DEVICE_POLICY_TIME,MEDIUM,Potential for data leak affecting plan secrecy.,HIGH,"Location data leak could expose position, fatal to mission success.",LOW,Manage Device Policy Time permission does not seem directly related to mission activities during this phase.
MANAGE_DEVICE_POLICY_USB_DATA_SIGNALLING,MEDIUM,Potential for data leak affecting plan security.,HIGH,"Allows USB data signalling, risk of location data leak.",LOW,"Less relevant during close combat, focus is on surprise and speed."
MANAGE_DEVICE_POLICY_USERS,MEDIUM,Potential for data leak affecting plan security.,HIGH,"Leak of location data could expose team position, fatal risk.",LOW,No direct link to this permission affecting mission success or exposure during close combat.
MANAGE_DEVICE_POLICY_VPN,MEDIUM,Potential for data leak affecting plan security.,HIGH,"Leak of location data could expose team position, fatal risk.",LOW,No direct link to this permission affecting mission success or exposure during close combat.
MANAGE_DEVICE_POLICY_WIFI,MEDIUM,Potential for data leak affecting plan security.,HIGH,"Leak of location data could expose team position, fatal risk.",LOW,"No direct link to mission compromise during close combat. However, if used post-mission for evidence collection or reporting, it could potentially reveal location (Medium)."
MANAGE_DEVICE_POLICY_WINDOWS,MEDIUM,Potential for data leak affecting plan security.,HIGH,"Leak of location data could expose team position, critical risk.",LOW,"No direct link to this permission affecting mission success or exposure during close combat. However, if the device is compromised before engagement, it could potentially reveal plans or locations (preparation phase)."
MANAGE_DEVICE_POLICY_WIPE_DATA,MEDIUM,Potential data wipe could compromise planning documents.,HIGH,"Permission could expose location data, putting operatives at risk.",LOW,"Less likely to leak sensitive information during short, focused operation."
MANAGE_EXTERNAL_STORAGE,MEDIUM,Potential for data leak compromising plans.,HIGH,"Leak of location data is fatal, permission may expose position.",LOW,"Less likely to use during close combat, minimal risk of data leak."
MANAGE_MEDIA,MEDIUM,Potential for data leak could compromise plans.,HIGH,"Leak of location data is fatal, could expose team position.",LOW,"No direct link found to compromise the surprise element or mission completion. However, if the permission allows audio recording during this phase, it could potentially reveal tactical details and thus marked as Medium risk."
MANAGE_ONGOING_CALLS,MEDIUM,Potential for data leak compromising plan details.,HIGH,"Leak of location data could expose team position, critical risk.",LOW,"Manage ongoing calls less relevant during close combat, surprise element is key."
MANAGE_OWN_CALLS,MEDIUM,Potential for data leak affecting plan secrecy.,HIGH,Leak of location data could be fatal.,LOW,Manage Own Calls permission does not seem to pose a significant risk during close combat.
MASTER_CLEAR,MEDIUM,Potential for data leak compromising plan details.,HIGH,Leak of location data could expose operatives and mission.,LOW,"Master_Clear permission does not seem to directly affect the loss of surprise element or completion of the mission. However, if it allows unauthorized access to sensitive data during this phase, it could escalate risk."
MEDIA_CONTENT_CONTROL,MEDIUM,Potential for unauthorized access to media content could compromise sensitive planning discussions or rehearsals.,HIGH,"Leak of location data or audio could expose the team's position, making them vulnerable to enemy detection and attack.",LOW,"While this permission doesn't directly affect the mission, any unauthorized control over media during close combat would be a distraction at best, but not likely to pose a critical risk."
MEDIA_ROUTING_CONTROL,MEDIUM,Potential for data leak affecting plan secrecy.,HIGH,Leak of location data could be fatal.,LOW,"Limited impact on mission, assuming no prior compromise during infiltration."
MODIFY_AUDIO_SETTINGS,MEDIUM,Potential for unauthorized audio manipulation during planning sessions.,HIGH,"Leak of audio settings could reveal presence or intentions, critical in this phase.",LOW,"Modifying audio settings during close combat is unlikely to compromise mission success or security. However, if the app transmits audio data, it could pose a risk due to potential eavesdropping by enemy forces."
MODIFY_PHONE_STATE,MEDIUM,Unauthorized use could potentially expose sensitive planning details.,HIGH,"Leak of location data or audio could reveal operative positions, marking as fatal.",LOW,"Modify_Phone_State does not include placing calls, thus less risk during close combat operations."
NEARBY_WIFI_DEVICES,MEDIUM,Potential for data leak during planning and rehearsals.,HIGH,"Permission could expose location data, critical in this phase.",LOW,"Wi-Fi devices are unlikely to be used during close combat, reducing risk."
NFC_PREFERRED_PAYMENT_INFO,MEDIUM,Potential data leak could compromise planning details.,HIGH,"Permission may expose location data, critical for stealth operations.",LOW,NFC_PREFERRED_PAYMENT_INFO unlikely to impact surprise or mission completion.
NFC_TRANSACTION_EVENT,MEDIUM,Potential data leak could compromise planning details.,HIGH,"NFC transaction events may emit electronic signals, increasing detection risk.",LOW,"During close combat, the focus is on physical operations, not data transmission. However, if this permission allows for data transfer during the engagement phase, it would increase the risk level significantly."
OVERRIDE_WIFI_CONFIG,MEDIUM,Potential for data manipulation could compromise planning details.,HIGH,"Override WiFi Config permission can expose location data, critical risk.",LOW,"Less likely to use this permission during close combat, focus is on stealth and speed."
PACKAGE_USAGE_STATS,MEDIUM,Potential data collection could compromise planning details.,HIGH,Location data leak could expose infiltration route and team position.,LOW,"This permission does not seem to directly impact the loss of surprise element or mission completion during close combat. However, post-mission analysis might reveal operational patterns if used excessively."
PERSISTENT_ACTIVITY,MEDIUM,Potential data leak could compromise plan details.,HIGH,"Permission leaks location data, critical risk to mission success.",LOW,No direct impact on operational security during close combat.
POST_NOTIFICATIONS,MEDIUM,Potential for data leak compromising plan.,HIGH,"Location data leak could expose position, fatal risk.",LOW,Notification permission less critical in close combat.
POST_PROMOTED_NOTIFICATIONS,MEDIUM,Potential for data leak compromising plans.,HIGH,"Location data leak could expose position, fatal risk.",LOW,Notification permission less critical during close combat.
PROCESS_OUTGOING_CALLS,MEDIUM,Potential for data leak could compromise plan details.,HIGH,"Permission allows interception of outgoing calls, risk of location exposure or communication interruption.",LOW,"During close combat, the immediate concern is not call redirection or interception. However, if used for covert communications, it could be Medium due to potential data leak."
PROVIDE_REMOTE_CREDENTIALS,MEDIUM,Potential for data leak compromising plan.,HIGH,"Leak of location data is fatal, permission allows remote storage and retrieval of credentials.",LOW,"Less likely to use this permission during close combat, focus on surprise and speed."
QUERY_ADVANCED_PROTECTION_MODE,MEDIUM,Potential for data leak affecting plan security.,HIGH,"Leak of location data could expose team position, fatal risk.",LOW,"Advanced Protection Mode status unlikely to impact mission directly. However, if it reveals device type or OS version, it might indirectly increase the risk of detection."
QUERY_ALL_PACKAGES,MEDIUM,Potential data leak could compromise plan details.,HIGH,Location data leak is fatal for mission success.,LOW,"QUERY_ALL_PACKAGES permission does not directly impact this phase. However, if it leaks location or audio during infiltration, the risk level becomes critical."
READ_ASSISTANT_APP_SEARCH_DATA,MEDIUM,Potential data leak could compromise plan details.,HIGH,"Location data leak is critical, could expose infiltration route.",LOW,This permission does not seem to pose a significant risk during engagement.
READ_CALENDAR,MEDIUM,Potential for calendar data leak revealing meeting patterns.,HIGH,"Leak of location data or audio could expose position, marking as high risk.",LOW,READ_CALENDAR permission does not directly pose a threat during close combat operations.
READ_CALL_LOG,MEDIUM,Potential for data leak compromising plan.,HIGH,Leak of location data is fatal to mission success.,LOW,"Less likely to be used during close combat, but could reveal post-mission activities."
READ_COLOR_ZONES,MEDIUM,Potential data leak could compromise planning details.,HIGH,"Permission may expose location data, critical risk for stealth operations.",LOW,Reading color zones unlikely to impact surprise element or mission completion.
READ_CONTACTS,MEDIUM,Potential data leak could compromise planning details.,HIGH,"Location data leak is critical, could expose operatives to enemy detection.",LOW,Contact data unlikely to be crucial during close combat operations.
READ_EXTERNAL_STORAGE,MEDIUM,Potential data leak could compromise plan details.,HIGH,"Location data leak could expose team position, critical risk.",LOW,"No direct link found between this permission and loss of surprise or mission failure during close combat. However, if the device contains audio recordings that could reveal tactical information, there is a potential risk."
READ_HOME_APP_SEARCH_DATA,MEDIUM,Potential data leak could compromise planning details.,HIGH,"Location data leak could expose infiltration route, critical risk.",LOW,This permission does not seem to pose a significant risk during the engagement phase.
READ_LOGS,MEDIUM,Potential for data leak compromising plan details.,HIGH,"Leak of location data could expose team position, fatal risk.",LOW,Less likely for this permission to impact mission directly during close combat.
READ_MEDIA_AUDIO,MEDIUM,Potential for sensitive audio data leak.,HIGH,Leak of any audio could expose position or plans.,LOW,"Less likely to have sensitive audio data during this phase. However, if mission involves covert communication, the risk increases."
READ_MEDIA_IMAGES,MEDIUM,Potential data leak could compromise plan details.,HIGH,"Image files could reveal location or visual signature, critical in this phase.",LOW,Less likely for READ_MEDIA_IMAGES to impact the mission during close combat.
READ_MEDIA_VIDEO,MEDIUM,Potential data leak could compromise plans.,HIGH,"Leak of location data is fatal, audio/data leak could expose position.",LOW,No significant risk for READ_MEDIA_VIDEO during close combat.
READ_MEDIA_VISUAL_USER_SELECTED,MEDIUM,Potential for data leak compromising plan details.,HIGH,"Leak of location data could expose mission position, critical.",LOW,Limited risk of data leak during brief combat phase.
READ_NEARBY_STREAMING_POLICY,MEDIUM,Potential for data leak affecting plan security.,HIGH,"Allows electronic signature, increasing risk of detection.",LOW,"Not directly related to mission objectives during this phase. However, if used improperly, it could compromise location or communication, escalating the risk level."
READ_PHONE_NUMBERS,MEDIUM,Potential for data leak compromising plan details.,HIGH,"Leak of location data could expose team position, fatal risk.",LOW,Reading phone numbers unlikely to impact mission success or compromise location during short combat phase.
READ_PHONE_STATE,MEDIUM,Potential for data leak compromising plan details.,HIGH,Leak of location data could expose team position and jeopardize mission.,LOW,READ_PHONE_STATE permission does not seem to pose a significant risk during close combat operations.
READ_PRECISE_PHONE_STATE,MEDIUM,Potential for data leak compromising plan details.,HIGH,"Leak of location data could expose team position, critical risk.",LOW,Precise phone state read is unlikely to impact surprise or mission completion during close combat.
READ_SMS,MEDIUM,Potential for sensitive planning data leak.,HIGH,Leak of location data could expose infiltration route and team position.,LOW,"READ_SMS permission does not directly impact the loss of surprise element or mission completion during close combat. However, it may indirectly pose a risk if sensitive communication details are stored as SMS messages."
READ_SYNC_SETTINGS,MEDIUM,Potential for data leak affecting plan security.,HIGH,"Location data leak could expose position, fatal to mission success.",LOW,Sync settings unlikely to impact surprise or mission completion.
READ_SYNC_STATS,MEDIUM,Potential data leak could compromise planning details.,HIGH,Location data leak is critical and fatal to mission success.,LOW,READ_SYNC_STATS permission does not seem to pose a significant risk during this phase.
READ_SYSTEM_PREFERENCES,MEDIUM,Potential for data leak compromising plan details.,HIGH,Leak of location data could expose infiltration route and team position.,LOW,"READ_SYSTEM_PREFERENCES does not seem to directly impact the loss of surprise element or mission completion during close combat. However, if it allows for audio recording, it could potentially reveal tactical communications, increasing risk."
READ_VOICEMAIL,MEDIUM,Potential data leak could compromise plan details.,HIGH,Leak of location or audio data could expose position and jeopardize mission.,LOW,Reading voicemails unlikely to impact surprise element or mission completion during close combat.
RECEIVE_MMS,MEDIUM,Potential for data leak compromising plan.,HIGH,"Leak of location data is fatal, RECEIVE_MMS may expose position.",LOW,No significant risk associated with this permission during close combat.
RECEIVE_SENSITIVE_NOTIFICATIONS,MEDIUM,Potential for sensitive notification data leak.,HIGH,"Leak of location or audio data could reveal position, fatal.",LOW,"Not directly related to mission phase risks. However, if used for communication during this phase, it could potentially compromise the element of surprise."
RECEIVE_SMS,MEDIUM,Potential for data leak compromising plan.,HIGH,"RECEIVE_SMS permission can expose location data, critical risk.",LOW,"Less likely to have SMS activity during close combat. However, if mission-critical messages are involved, the risk becomes Medium."
RECEIVE_WAP_PUSH,MEDIUM,Potential for data leak compromising plans.,HIGH,"Leak of location data could expose position, fatal risk.",LOW,No direct link to location or audio leaks during close combat.
RECORD_AUDIO,MEDIUM,Potential for sensitive planning discussions to be recorded.,HIGH,"Leak of audio could reveal presence or intentions, putting operatives at risk.",LOW,"Recording audio during close combat is unlikely to compromise the mission significantly. However, if it reveals tactical details, it could escalate to Medium."
REORDER_TASKS,MEDIUM,Potential for data leak affecting plan secrecy.,HIGH,"Location data leak could expose mission position, fatal to success.",LOW,"No direct link to mission exposure during close combat. However, if used in conjunction with other permissions, it might compromise operational security post-engagement."
REQUEST_COMPANION_PROFILE_GLASSES,MEDIUM,Potential for data leak affecting plan secrecy.,HIGH,"Location data leak could expose infiltration route, fatal risk.",LOW,Limited impact on mission success or surprise element during close combat.
REQUEST_COMPANION_PROFILE_WATCH,MEDIUM,Potential for data leak compromising plan.,HIGH,"Location data leak could expose position, fatal risk.",LOW,"Limited impact on mission, no significant audio or location requirements during this phase."
REQUEST_COMPANION_RUN_IN_BACKGROUND,MEDIUM,Potential for data leak during planning.,HIGH,Risk of location data leak compromising mission.,LOW,Background running should not significantly impact the surprise element or data security during close combat.
REQUEST_COMPANION_SELF_MANAGED,MEDIUM,Potential for data leak affecting plan secrecy.,HIGH,"Location data leak could expose team position, fatal risk.",LOW,No direct link to location or audio data exposure during close combat.
REQUEST_COMPANION_START_FOREGROUND_SERVICES_FROM_BACKGROUND,MEDIUM,Potential for data leak during planning.,HIGH,"Allows for location data leak, critical risk in stealth operations.",LOW,Limited impact on mission success or surprise element.
REQUEST_COMPANION_USE_DATA_IN_BACKGROUND,MEDIUM,Potential data usage in background could expose planning details.,HIGH,"Location data leak could reveal position, putting mission at risk.",LOW,Data usage in background is unlikely to impact the surprise element or completion of the mission.
REQUEST_DELETE_PACKAGES,MEDIUM,Potential data leak could compromise plans.,HIGH,Leak of location data is fatal for mission success.,LOW,Deletion of packages does not pose significant risk during close combat.
REQUEST_IGNORE_BATTERY_OPTIMIZATIONS,MEDIUM,Potential for data leak compromising plan.,HIGH,"Leak of location data is fatal, permission may expose position.",LOW,"Battery optimization not critical during short, intense combat operations."
REQUEST_INSTALL_PACKAGES,MEDIUM,Potential for data leak during planning and rehearsals.,HIGH,"Leak of location data could expose the team's position, critical in this phase.",LOW,"This permission does not seem to directly impact the loss of surprise element or failure to complete the mission before reinforcements arrive. However, if it allows for unauthorized package installation that could potentially leak sensitive data, then the risk level would be Medium."
REQUEST_OBSERVE_COMPANION_DEVICE_PRESENCE,MEDIUM,Potential for data leak compromising plan.,HIGH,"Location data leak could expose position, fatal risk.",LOW,"No significant impact on mission's surprise element or completion. However, if it leaks location or audio during this phase, the risk level becomes critical."
REQUEST_PASSWORD_COMPLEXITY,MEDIUM,Potential for data leak compromising plan details.,HIGH,"Leak of location data could expose mission position, fatal risk.",LOW,Requesting password complexity unlikely to impact mission directly.
RUN_USER_INITIATED_JOBS,MEDIUM,Potential data leak could compromise plans.,HIGH,"Location data leak is fatal, audio/data leak can expose position.",LOW,No known direct link to this permission affecting mission success or exposure during close combat.
SCHEDULE_EXACT_ALARM,MEDIUM,Potential for data leak could compromise plan.,HIGH,"Location data leak is fatal, zero electronic signature required.",LOW,No direct link to location or audio leaks during close combat.
SEND_SMS,MEDIUM,Potential data leak could compromise plans.,HIGH,"SMS permission leaks location data, critical risk.",LOW,SMS permission not directly relevant to this phase.
SET_ALARM,MEDIUM,Potential for data leak compromising plan.,HIGH,"Location data leak could expose position, fatal to mission.",LOW,Alarm setting permission unlikely to pose significant risk during close combat.
SET_DEBUG_APP,MEDIUM,Potential for data leak compromising plan details.,HIGH,Leak of location data could expose operatives and mission.,LOW,"Debugging permission unlikely to affect mission execution or compromise location during short, intense combat phase."
SET_TIME,MEDIUM,Potential for unauthorized system time manipulation could compromise planning data.,HIGH,"SET_TIME permission leaks location data if used for navigation, critical in this phase.",LOW,Direct system time manipulation unlikely to impact mission during close combat.
SET_TIME_ZONE,MEDIUM,Potential for data manipulation affecting planning.,HIGH,"Allows modification of device's time, compromising stealth operations.",LOW,"Limited impact on mission success during close combat. However, if the device is captured, it could potentially reveal incorrect time zone settings."
SET_WALLPAPER,MEDIUM,Potential for data leak affecting base security.,HIGH,"Leak of location data could expose team position, critical risk.",LOW,Set wallpaper permission unlikely to impact mission directly or compromise location during close combat.
SET_WALLPAPER_HINTS,MEDIUM,Potential for data leak affecting plan secrecy.,HIGH,"Location data leak could expose position, fatal to mission success.",LOW,Wallpaper hints unlikely to impact mission or reveal location during close combat.
SIGNAL_PERSISTENT_PROCESSES,MEDIUM,Potential for data leak affecting plan secrecy.,HIGH,Leak of location data could be fatal.,LOW,"Not directly related to loss of surprise or mission completion. However, if used improperly, it might expose the application's presence on the device, increasing the risk of detection."
SMS_FINANCIAL_TRANSACTIONS,MEDIUM,Potential data leak could compromise planning details.,HIGH,"Permission leaks location data, critical risk for covert operations.",LOW,Deprecated permission is no longer functional during this phase.
START_FOREGROUND_SERVICES_FROM_BACKGROUND,MEDIUM,Potential for data leak could compromise plan.,HIGH,"Permission may expose location, critical risk to mission.",LOW,Foreground services not typically used during close combat.
SUBSCRIBE_TO_KEYGUARD_LOCKED_STATE,MEDIUM,Potential for data leak affecting plan secrecy.,HIGH,"Leak of location data could expose position, critical risk.",LOW,"Limited impact on mission, no significant data or location exposure."
SYSTEM_ALERT_WINDOW,MEDIUM,Potential for data leak through user approval process.,HIGH,"Permission allows creation of visible windows, increasing risk of detection.",LOW,"Once infiltrated, the need for this permission is minimal and less likely to be used or detected."
TRANSMIT_IR,MEDIUM,Potential for unauthorized data transmission could compromise plans.,HIGH,"TRANSMIT_IR permission may emit visible or audible signals, increasing the risk of detection.",LOW,"During close combat, the IR transmitter is unlikely to pose a significant operational risk unless used excessively and noticeably."
TURN_SCREEN_ON,MEDIUM,Potential for data leak if app misused.,HIGH,"Leak of location or audio could expose position, fatal.",LOW,Screen-on permission less critical during close combat.
TV_IMPLICIT_ENTER_PIP,MEDIUM,Potential for data leak during planning.,HIGH,"Leak of location data could expose position, critical.",LOW,Limited impact on mission execution or secrecy at this phase.
UPDATE_PACKAGES_WITHOUT_USER_ACTION,MEDIUM,Potential for data leak compromising plans.,HIGH,Leak of location data could be catastrophic.,LOW,"Limited impact on mission, assuming no data leak during infiltration. However, if permission leaks Location or Audio in Phase 2, mark as HIGH."
USE_BIOMETRIC,MEDIUM,Potential for biometric data leak compromising equipment security.,HIGH,"Leak of location or audio data could expose position, marking as critical.",LOW,Use of biometrics less likely to impact surprise element or mission completion during close combat.
USE_EXACT_ALARM,MEDIUM,Potential for data leak could compromise plan.,HIGH,"Location data leak is fatal, zero electronic signature required.",LOW,Not directly related to visual/audio signature or location disclosure during close combat.
USE_FINGERPRINT,MEDIUM,Potential for data leak compromising plan.,HIGH,"Fingerprint permission could expose location data, critical risk.",LOW,Use of fingerprint hardware less likely to impact mission during close combat.
USE_FULL_SCREEN_INTENT,MEDIUM,Potential for data leak affecting plan secrecy.,HIGH,"Leak of location data is fatal, permission may expose position.",LOW,"Limited impact on mission during close combat, no significant risk of leaks."
USE_ICC_AUTH_WITH_DEVICE_IDENTIFIER,MEDIUM,Potential for data leak compromising plans.,HIGH,Leak of location data could expose operatives and mission.,LOW,No significant risk associated with this permission during engagement phase.
USE_SIP,MEDIUM,Potential for data leak compromising plan details.,HIGH,"Leak of location or audio data could expose team position, fatal risk.",LOW,"SIP permission less likely to impact mission during close combat. However, if used for voice communication, it could potentially reveal team location if not secured properly."
UWB_RANGING,MEDIUM,Potential for data leak compromising plan.,HIGH,"UWB_RANGING could expose location, critical risk.",LOW,Less likely to affect mission due to short duration and focus on close combat.
WAKE_LOCK,MEDIUM,Potential for unauthorized device usage could compromise sensitive planning data.,HIGH,"Wake Lock permission might expose location data, increasing the risk of detection and exposure.",LOW,"During brief engagements, the wake lock permission is less likely to pose a significant threat to operational security."
WRITE_APN_SETTINGS,MEDIUM,Potential data leak could compromise plan details.,HIGH,"Permission may expose location data, critical for stealth.",LOW,WRITE_APN_SETTINGS unlikely to impact mission during close combat.
WRITE_CALENDAR,MEDIUM,Potential data leak could compromise planning details.,HIGH,Location data leak could expose infiltration route and team position.,LOW,Write_Calendar permission does not seem to pose a significant risk during close combat operations.
WRITE_CALL_LOG,MEDIUM,Potential data leak could compromise plan details.,HIGH,Leak of location data is critical and could expose mission position.,LOW,"WRITE_CALL_LOG permission does not directly impact the loss of surprise element or completion of the mission. However, if it allows for audio recording during this phase, it could potentially compromise tactical communications, increasing risk to Medium."
WRITE_CONTACTS,MEDIUM,Unauthorized access to contact data could potentially reveal sensitive communication details.,HIGH,"Leak of location data or contacts could expose operatives' identities, making them vulnerable to enemy surveillance.",LOW,"During the brief engagement, the primary concern is maintaining surprise and completing the mission quickly, not managing contact data. However, if the app has a recording feature, it could potentially capture sensitive audio during this phase, increasing risk level to Medium."
WRITE_EXTERNAL_STORAGE,MEDIUM,Potential data leak could compromise plan details.,HIGH,"Location data leak could expose team position, critical risk.",LOW,"WRITE_EXTERNAL_STORAGE permission does not directly impact surprise or mission completion, but if it allows data storage during the raid, it could potentially reveal post-mission details, thus Medium."
WRITE_GSERVICES,MEDIUM,Potential for data leak affecting plan secrecy.,HIGH,"Leak of location data could expose team position, critical risk.",LOW,WRITE_GSERVICES unlikely to impact mission execution or compromise location during close combat.
WRITE_SECURE_SETTINGS,MEDIUM,Potential for data leak compromising plan details.,HIGH,"Leak of location data could expose team position, fatal risk.",LOW,WRITE_SECURE_SETTINGS unlikely to affect mission execution or compromise location during close combat.
WRITE_SETTINGS,MEDIUM,Potential for data leak during planning.,HIGH,"Permission allows system settings manipulation, risk of location exposure.",LOW,"During close combat, less focus on system settings manipulation."
WRITE_SYNC_SETTINGS,MEDIUM,Potential data leak could compromise planning details.,HIGH,"Location data leak could expose infiltration route, fatal to mission.",LOW,WRITE_SYNC_SETTINGS permission unlikely to affect surprise or mission completion during close combat.
WRITE_SYSTEM_PREFERENCES,MEDIUM,Potential for data leak affecting plan security.,HIGH,"Leak of location data could expose mission position, critical risk.",LOW,"Limited impact on mission, as engagement is short and focused. However, if the permission allows audio recording, it could potentially reveal tactics or communications, increasing risk to Medium."
WRITE_VOICEMAIL,MEDIUM,Potential for data leak compromising plan.,HIGH,"Permission allows modification of voicemails, risk of audio leak.",LOW,"Less likely to use voicemail during close combat, minimal risk."
ACCEPT_HANDOVER,LOW,"Potential for data leak compromises planning, but not critical during base operations.",MEDIUM,"Allows potential for audio/data leak that could expose location or communication, increasing risk of detection.",LOW,"Limited utility in a raid-style assault, no significant impact on mission success or exposure of sensitive information."
BIND_CHOOSER_TARGET_SERVICE,LOW,"Potential for data leak, but not critical.",MEDIUM,Could potentially expose location if used improperly.,LOW,Not directly related to mission risks in this phase.
BIND_COMPANION_DEVICE_SERVICE,LOW,Not directly related to location or audio leak.,MEDIUM,Potential for indirect data leak if associated with companion devices.,LOW,Not significantly impacting mission success or secrecy during close combat.
BIND_NFC_SERVICE,LOW,Not directly linked to location or audio leak.,MEDIUM,"Potential for data transmission if used inappropriately, compromising position.",LOW,BIND_NFC_SERVICE not typically used in close combat operations.
BIND_REMOTEVIEWS,LOW,Non-critical for location or audio exposure.,MEDIUM,"Potential for data leak could reveal position, marked as medium due to the sensitive nature of this phase.",LOW,"Limited impact on mission success, as the engagement is brief and primarily focused on physical actions rather than data transmission or location exposure."
BIND_SCREENING_SERVICE,LOW,Non-essential for data transmission or location services.,MEDIUM,Potential for unintended audio/data transmission if misused by an app.,LOW,"Not directly related to mission objectives during close combat. However, any data leak could compromise future operations."
BIND_TELECOM_CONNECTION_SERVICE,LOW,"System-level permission, not user-facing.",MEDIUM,Potential for data leak if misused in custom apps.,LOW,"System-level permission, not directly related to mission activities."
BIND_TEXT_SERVICE,LOW,Not directly related to location or audio leaks.,MEDIUM,"Potential for data leak could compromise position, MARK AS HIGH if location or audio leak detected.",LOW,Limited operational time and no direct relation to location or audio leaks.
BIND_TV_AD_SERVICE,LOW,Non-critical system permission.,MEDIUM,"Potential for data leak if misused, compromising location.",LOW,"System permission, unlikely to impact mission directly."
BIND_TV_INTERACTIVE_APP,LOW,Non-critical permission for Android apps.,MEDIUM,"Potential for data leak if misused, could reveal position.",LOW,"Limited impact on mission, not directly related to operational security."
BIND_VISUAL_VOICEMAIL_SERVICE,LOW,Not directly related to location or audio leak.,MEDIUM,Potential for unintended data transmission if used inappropriately during covert operations.,LOW,"Limited use during close combat, less risk of permission exploitation."
BIND_VR_LISTENER_SERVICE,LOW,Non-essential for data transmission or location services.,MEDIUM,Potential for unintended audio/data leak if bound by non-authorized devices.,LOW,"Not directly related to mission objectives during close combat. However, any data leak could compromise post-mission analysis."
BIND_WALLPAPER,LOW,Non-critical for location or audio exposure.,MEDIUM,Potential for data leak could compromise position.,LOW,"Limited impact on mission success, not critical for location or audio exposure."
BROADCAST_PACKAGE_REMOVED,LOW,Not directly related to location or audio leak.,HIGH,"Potential for broadcasting package removal could reveal presence of sensitive apps, marking position.",MEDIUM,"Leak of package removal might expose use of specific apps, but immediate threat is low during this phase."
BROADCAST_WAP_PUSH,LOW,Unrelated to location or audio broadcast.,HIGH,Potential for location data leak if integrated with other apps.,LOW,"Not relevant to the mission phase, not related to location or audio broadcast."
DELETE_CACHE_FILES,LOW,Irrelevant to cache files.,MEDIUM,Potential for data leak if permission misused.,LOW,Irrelevant to mission execution.
DELIVER_COMPANION_MESSAGES,LOW,Minimal data transmission.,MEDIUM,Potential for location data leak if used improperly.,LOW,Limited data transmission during short operation.
ENFORCE_UPDATE_OWNERSHIP,LOW,No direct data transmission or location services.,MEDIUM,Potential for indirect data transmission could reveal position.,LOW,"No significant risk of data leakage during short, focused operation."
EXECUTE_APP_FUNCTIONS,LOW,Limited application scope within the main base.,HIGH,Potential for location data leak compromises mission.,MEDIUM,"Minimal risk of audio/data leak during short, focused combat. However, if this permission leaks location or audio in Phase 2, mark as HIGH."
EXPAND_STATUS_BAR,LOW,Minimal impact on operational security.,MEDIUM,"Potential for accidental status bar expansion revealing device, increasing visibility.",LOW,Limited relevance during close combat operations.
FACTORY_TEST,LOW,"Not intended for third-party use, unlikely to compromise sensitive data.",MEDIUM,Potential for location data leak if device accidentally switches to manufacturer test mode.,LOW,No known direct risk associated with this permission during close combat operations.
GET_PACKAGE_SIZE,LOW,Minimal risk of data leakage or location exposure.,MEDIUM,"Potential for data usage statistics to reveal app activity, compromising stealth.",LOW,"Limited risk of data leakage during short, focused combat operations. However, if the app records audio, it could be marked as High due to potential exposure of tactical communications in Phase 2."
GET_TASKS,LOW,"Deprecated, no longer enforced.",HIGH,Potential for location data leak.,MEDIUM,Unlikely to impact mission directly.
GLOBAL_SEARCH,LOW,Unlikely to expose sensitive data.,HIGH,"Potential for location data leak, critical in this phase.",MEDIUM,"Leak of audio or data could compromise mission, but less likely during brief engagement."
INSTALL_SHORTCUT,LOW,"Potential for data leak, but not critical.",MEDIUM,Could potentially reveal location data or electronic signature if misused.,LOW,Shortcut installation unlikely to impact mission during close combat.
INSTANT_APP_FOREGROUND_SERVICE,LOW,"Potential for data leak, but not critical at this stage.",HIGH,"Permission could expose location data, fatal in deep penetration.",MEDIUM,Minimal risk of audio/data leak during short combat phase.
LAUNCH_CAPTURE_CONTENT_ACTIVITY_FOR_NOTE,LOW,Limited potential for data leakage.,MEDIUM,"Permission could potentially reveal location data if misused, increasing risk.",LOW,Screenshot permission less critical during close combat operations.
LAUNCH_MULTI_PANE_SETTINGS_DEEP_LINK,LOW,Minimal risk of data leakage during planning and rehearsals.,MEDIUM,"Potential for data leakage could compromise mission location, marked as medium due to the critical nature of this phase.",LOW,"Low risk of permission leaking sensitive information during the brief raid-style assault. However, any electronic signature could still be detected by enemy forces."
MANAGE_DEVICE_POLICY_ASSIST_CONTENT,LOW,Limited control over device content.,MEDIUM,Potential for location data leak if misused.,LOW,Minimal impact on mission success or security.
MANAGE_DEVICE_POLICY_BACKUP_SERVICE,LOW,"Potential for data leak compromises planning, but not critical during base operations.",HIGH,Leak of location data can expose team position and lead to mission failure.,MEDIUM,"Manage Device Policy Backup Service may not directly impact the surprise element or completion of the mission, but could potentially reveal post-mission activities if used inappropriately. However, the primary risk remains with the INFILTRATION phase."
MANAGE_DEVICE_POLICY_BUGREPORT,LOW,"Potential for data leak compromises base, but unlikely during planning and rehearsals.",MEDIUM,"Permission could potentially leak location data, critical in this phase.",LOW,"Leak of audio or data is less likely during close combat, as focus is on mission execution."
MANAGE_DEVICE_POLICY_COMMON_CRITERIA_MODE,LOW,Not directly related to location or audio leak.,HIGH,"Potential for policy management could expose device, marking position.",MEDIUM,Leak of policy management details might delay extraction or reinforcements.
MANAGE_DEVICE_POLICY_DEBUGGING_FEATURES,LOW,"Potential for data leak could compromise plans, but controlled within base.",HIGH,Leak of location data or audio can expose entire operation to enemy forces.,MEDIUM,"While not directly related to this permission, loss of surprise could be a risk due to potential for increased device activity during the raid."
MANAGE_DEVICE_POLICY_DEVICE_IDENTIFIERS,LOW,"Internal permission, not directly related to data leak or location exposure.",HIGH,Potential for device identifiers management could expose location if not properly secured.,MEDIUM,"While not critical during close combat, unauthorized access to device identifiers could compromise OPSEC post-mission."
MANAGE_DEVICE_POLICY_DISPLAY,LOW,No direct control over device display.,MEDIUM,Potential for location data leak if associated with device.,LOW,"Minimal impact on mission, unless used to reveal position."
MANAGE_DEVICE_POLICY_FACTORY_RESET,LOW,"Potential for data leak could compromise plan, but not critical during preparation phase.",HIGH,Leak of location or audio data can expose team position and lead to mission failure.,MEDIUM,"While this permission does not directly impact the surprise element or completion of the mission, it could potentially be exploited post-engagement for data extraction or device control, which may compromise OPSEC if devices are captured."
MANAGE_DEVICE_POLICY_INPUT_METHODS,LOW,"Potential for data leak could compromise plan, but controlled environment.",MEDIUM,"Allows setting of input methods, potentially leaking location data or audio.",LOW,"Limited risk as engagement is short and focused, less opportunity for data leakage."
MANAGE_DEVICE_POLICY_INSTALL_UNKNOWN_SOURCES,LOW,"Potential for data leak could compromise plan, but not critical during base operations.",HIGH,"Allowing installation from unknown sources may expose device to malware, compromising location and audio data.",MEDIUM,"Risk of data leak is lower during combat due to focus on mission execution, but still a potential concern for operational security."
MANAGE_DEVICE_POLICY_KEYGUARD,LOW,"Potential for data leak compromises planning, but not critical at base.",HIGH,"Location data leak could expose infiltration route and team position, fatal.",MEDIUM,"Manage_Device_Policy_Keyguard may allow audio/data manipulation, but short duration limits impact."
MANAGE_DEVICE_POLICY_LOCALE,LOW,"Potential for data leak could compromise planning, but not critical at this stage.",HIGH,Location data leak could expose team position and lead to discovery or ambush.,MEDIUM,"While not directly related to location or audio, potential misuse of locale settings could disrupt communication devices or other equipment, affecting mission success. However, the immediate risk is lower compared to Infiltration phase."
MANAGE_DEVICE_POLICY_METERED_DATA,LOW,"Potential for data leak could compromise plan, but not critical during base operations.",HIGH,Leak of location data can expose team position and is fatal in deep penetration.,MEDIUM,"Manage Device Policy Metered Data permission unlikely to impact surprise element or mission completion directly, but could potentially reveal presence if used improperly during close combat operations."
MANAGE_DEVICE_POLICY_NETWORK_LOGGING,LOW,Limited network logging control.,MEDIUM,Potential for location data leak if used improperly.,LOW,"Minimal impact on mission, assuming no unauthorized network activity during close combat."
MANAGE_DEVICE_POLICY_PRINTING,LOW,Minimal risk to printing permissions in base.,MEDIUM,Potential for data leak if permission used for unauthorized device control.,LOW,"Limited impact on mission, assuming no unauthorized device control during close combat. However, if the permission leaks location or audio in Phase 2 (Infiltration), it would escalate to HIGH risk."
MANAGE_DEVICE_POLICY_PRIVATE_DNS,LOW,"Potential for data leak compromises base, but not critical during planning.",HIGH,Leak of location data could expose team position and is fatal in this phase.,MEDIUM,"While not directly affecting the mission, a data leak could compromise post-operation analysis or debriefing. However, the primary risk lies in loss of surprise and failure to complete the mission before reinforcements arrive."
MANAGE_DEVICE_POLICY_QUERY_SYSTEM_UPDATES,LOW,Minimal risk of data leakage during planning and rehearsals.,MEDIUM,"While this permission does not directly expose location or audio, the potential for indirect data leaks could compromise mission security.",LOW,"During close combat, the primary concern is maintaining surprise and completing the mission quickly. This permission is unlikely to significantly impact these factors. However, if it allows for covert communication or device control, it could potentially be exploited in a worst-case scenario, elevating the risk level."
MANAGE_DEVICE_POLICY_RESTRICT_PRIVATE_DNS,LOW,"Potential for data leak compromises base, but not critical during planning.",HIGH,Leak of location data can expose team position and is fatal in this phase.,MEDIUM,"While not directly affecting the mission, a data leak could compromise post-operation analysis or debriefing. However, the primary risk lies in the loss of surprise element or failure to complete the mission before reinforcements arrive."
MANAGE_DEVICE_POLICY_SAFE_BOOT,LOW,"Potential for data leak could compromise plan, but not critical at this stage.",HIGH,"Leak of location data can expose team position and lead to discovery, fatal risk.",MEDIUM,"Manage_Device_Policy_Safe_Boot may not directly impact surprise or mission completion, but potential for data leak could still pose a risk if used inappropriately during this phase."
MANAGE_DEVICE_POLICY_SECURITY_LOGGING,LOW,"Potential for data leak could compromise plans, but not critical during base operations.",HIGH,Leak of location data can expose team position and is fatal in this phase.,MEDIUM,"While the permission does not directly affect the mission, any potential data leak could compromise exit strategy or reinforcement locations."
MANAGE_DEVICE_POLICY_SUPPORT_MESSAGE,LOW,"Potential for data leak compromises plan, but not critical during base operations.",MEDIUM,"Allows potential for location data leak, which could expose infiltration route and team position.",LOW,Manage Device Policy Support Message permission does not seem to pose a significant risk during close combat operations.
MANAGE_DEVICE_POLICY_SYSTEM_DIALOGS,LOW,No direct impact on secrecy of plan or equipment.,MEDIUM,Potential for location data leak if permission allows access to device location services.,LOW,No significant risk associated with this permission during close combat operations.
MANAGE_DEVICE_POLICY_USB_FILE_TRANSFER,LOW,"Potential for data leak could compromise plan, but controlled environment.",MEDIUM,"Allows USB file transfers, risk of location data leak if device compromised.",LOW,"Limited use during close combat, unlikely to impact surprise or mission success."
MANAGE_DEVICE_POLICY_WALLPAPER,LOW,Minimal impact on OPSEC.,MEDIUM,Potential for data leak could compromise location.,LOW,"Limited relevance in close combat, focus is on surprise and speed."
MANAGE_DOCUMENTS,LOW,Unauthorized access to documents not a concern during planning and rehearsals.,HIGH,"MANAGE_DOCUMENTS permission could potentially leak location data, critical in this phase.",LOW,"During close combat, the focus is on maintaining surprise and completing the mission quickly, not managing documents."
MANAGE_WIFI_INTERFACES,LOW,Unrelated to Wi-Fi management.,HIGH,Potential for location data leak if permission leaks GPS data.,MEDIUM,"Risk of compromising electronic signature due to Wi-Fi management, but minimal impact on mission success."
MANAGE_WIFI_NETWORK_SELECTION,LOW,Potential for data leak could be minimal.,MEDIUM,Could potentially reveal location data if used improperly by a third-party app.,LOW,"Likely not directly relevant during close combat, but potential for data leak remains."
MOUNT_FORMAT_FILESYSTEMS,LOW,Unnecessary for mission tasks.,HIGH,Potential data leak could expose position.,LOW,Not relevant to mission activities during this phase.
MOUNT_UNMOUNT_FILESYSTEMS,LOW,Unlikely to expose sensitive data or location.,HIGH,"Potential for location data leak, critical in this phase.",MEDIUM,Leak of audio could compromise surprise element but less likely during brief engagement.
PROVIDE_OWN_AUTOFILL_SUGGESTIONS,LOW,Limited to Browser application.,MEDIUM,Potential for data leak if used inappropriately.,LOW,Not directly related to mission activities during this phase.
READ_BASIC_PHONE_STATE,LOW,"Non-dangerous permission, limited sensitive data.",MEDIUM,Potential for location data leak if combined with other sources.,LOW,"Limited functionality during close combat, no significant risk."
READ_DROPBOX_DATA,LOW,Unauthorized access to Dropbox data not expected during planning and rehearsals.,HIGH,"Potential for location data leak if permission leaks, critical in deep penetration phase.",MEDIUM,"Leak of sensitive data could compromise mission, but immediate threat is low due to short duration and focus on surprise."
READ_INPUT_STATE,LOW,"Deprecated, not intended for third-party use.",HIGH,Potential location data leak if integrated with other apps.,MEDIUM,Minimal risk of audio/data leak during short operation.
RECEIVE_BOOT_COMPLETED,LOW,"Potential for increased app awareness, but no direct security risk.",MEDIUM,"Could potentially leak location data if app is running unnoticed, critical phase.",LOW,No significant impact on mission success or security during close combat operations.
REQUEST_COMPANION_PROFILE_APP_STREAMING,LOW,Unauthorized for third-party use.,HIGH,Potential location data leak if misused.,MEDIUM,Not directly related to mission critical audio or location data.
REQUEST_COMPANION_PROFILE_AUTOMOTIVE_PROJECTION,LOW,Non-third-party use reduces potential leak risk.,HIGH,Potential for location data leak if associated with vehicle head unit.,MEDIUM,"Limited risk of audio/data leak during short, focused operation."
REQUEST_COMPANION_PROFILE_COMPUTER,LOW,Potential for data sharing could pose minor OPSEC risks.,HIGH,"Permission may leak location data, critical in this phase.",MEDIUM,"Risk of data sharing during close combat, but less critical than infiltration."
REQUEST_COMPANION_PROFILE_NEARBY_DEVICE_STREAMING,LOW,"Potential for data leak could compromise planning, but not within the scope of this permission.",HIGH,"Streaming content could reveal location or presence, making it critical to avoid using devices with this permission during infiltration.",MEDIUM,"Leakage of audio or data is less likely during engagement due to the short duration and focus on physical combat, but still a potential risk if device is compromised."
REQUEST_OBSERVE_DEVICE_UUID_PRESENCE,LOW,Unauthorized for third-party use.,HIGH,Potential location data leak if misused.,MEDIUM,Not directly related to electronic signature or location exposure during close combat.
RESTART_PACKAGES,LOW,"Potential for data leak could compromise planning, but not critical during this phase.",HIGH,"Permission can expose location data, posing a significant risk to mission success and operative safety.",MEDIUM,"While the permission does not directly impact the surprise element or reinforcement timing, any potential data leak could still compromise post-mission activities."
SEND_RESPOND_VIA_MESSAGE,LOW,Non-third-party use reduces leak risk.,MEDIUM,"Potential for data transmission could reveal location, marked as medium due to the critical nature of this phase.",LOW,Not applicable in this context as it does not facilitate visual/audio/electronic signatures or data transmission during close combat.
SET_ALWAYS_FINISH,LOW,No direct control over background activities.,HIGH,Potential for location data leak if third-party apps gain access.,MEDIUM,"Unnecessary control over app lifecycle, could disrupt operations but not critical."
SET_ANIMATION_SCALE,LOW,Unlikely to compromise sensitive data or location.,MEDIUM,Could potentially leak location data if misused by third-party apps.,LOW,Animation scaling factor unlikely to affect mission success or compromise security.
SET_BIOMETRIC_DIALOG_ADVANCED,LOW,Unrelated to location or audio.,HIGH,Potential for misuse in creating visual/electronic signatures.,MEDIUM,"Unlikely to impact mission directly, but could aid in post-operation analysis if compromised."
SET_PREFERRED_APPLICATIONS,LOW,"Deprecated, less useful for data extraction.",HIGH,Potential for location data leak if integrated with other apps.,MEDIUM,Minimal risk of audio/data transmission during short operation.
SET_PROCESS_LIMIT,LOW,Not directly related to location or audio data leak.,HIGH,Potential for misuse by third-party apps could expose position.,LOW,Not significantly impacting mission success or security during close combat.
START_VIEW_APP_FEATURES,LOW,Minimal risk of data leakage during planning and rehearsals.,MEDIUM,"Permission could potentially expose location data, posing a threat if used during deep penetration.",LOW,Start_View_App_Features permission does not seem to pose significant risks during close combat operations.
START_VIEW_PERMISSION_USAGE,LOW,"Potential for data leak compromises base, but permission does not directly expose location or audio.",MEDIUM,"Permission could potentially reveal app usage if device is discovered, posing a risk to mission secrecy.",LOW,"During close combat, the START_VIEW_PERMISSION_USAGE permission does not pose significant operational risks as long as the device remains secure and undetected."
STATUS_BAR,LOW,Potential for internal data leak.,HIGH,Unauthorized status bar control may expose location.,MEDIUM,"Status bar manipulation could disrupt tactical operations, but not a direct security risk."
UNINSTALL_SHORTCUT,LOW,Outdated permission not in use.,HIGH,"Potential data leak could expose location, marked as high risk.",LOW,Uninstall_shortcut permission irrelevant to mission execution.
UPDATE_DEVICE_STATS,LOW,Non-third-party use reduces leak risk.,HIGH,Potential for location data leak if permission leaks.,LOW,Not directly related to mission activities during this phase.
